url,title,related_content,date_string
https://pantip.com/topic/43412998,ไปเที่ยวพะงัน แนะนำ ทัวร์ดำน้ำตื้น หรือ กิจกรรมทีครีบ,"ไปเที่ยวพะงัน แนะนำ ทัวร์ดำน้ำตื้น หรือ กิจกรรมทีครีบ
Pantip
https://pantip.com › topic
28 เม.ย. 2568 — เที่ยวไทย เที่ยวทะเล ดำน้ำ เกาะพะงัน. พอดีจะไปพักพะงัน แต่ไม่แน่ใจมีอะไรบ้าง อยากจะไปดำน้ำตื้น มีเจ้าไหนไว้ใจหรือดีๆบ้างครับ",28 เม.ย. 2568
https://pantip.com/topic/31073743,ระหว่างเกาะสมุย กับ เกาะพงัน,"ระหว่างเกาะสมุย กับ เกาะพงัน
Pantip
https://pantip.com › topic
9 ส.ค. 2568 — พะงันยังคงความเป็นธรรมชาติอยู่มาก ถ้าเน้นพักผ่อนไปพะงันดีกว่าค่ะ. 0. 0 ... ชายหาดเกาะสมุยกับเกาะพะงัน เกาะไหนสวยกว่ากันครับ. vacuum_car · พะงัน หรือ สมุย ...",9 ส.ค. 2568
https://pantip.com/topic/43458603,เงินเดือนเท่าไรถึงจะอยู่รอด ที่เกาะพะงัน,"เงินเดือนเท่าไรถึงจะอยู่รอด ที่เกาะพะงัน
Pantip
https://pantip.com › topic
1 ก.ค. 2568 — สวัสดีครับ ผมพึ่งได้งานที่เกาะพะงัน เงินเดือนเริ่มต้น 15000 ค่าเซอร์วิสชาจ 6000+ (แต่ละเดือนไม่เท่ากัน) รวมๆแล้ว 21000+ ตำแหน่ง ช่างเทคนิค ที่พักฟรี อาหารฟรี1มื้อ แบบนี้พออยู่ได้มั้ยครับ ...",1 ก.ค. 2568
https://pantip.com/topic/43221350,Zen beach ที่เกาะพะงันไปยังไงคะ,"Zen beach ที่เกาะพะงันไปยังไงคะ
Pantip
https://pantip.com › topic
25 ม.ค. 2568 — พอดีวางแผนเที่ยวเกาะพะงันค่ะ คิดว่าจะพักแถวท้องศาลาค่ะ เป้าหมายอยากไป zen beach ตั้งใจจะไปดูพระอาทิตย์ตกดิน อยากทราบว่า 1.จาก ท้องศาลา มีรถอะไรเรียกไป zen beach ได้บ้าง ...",25 ม.ค. 2568
https://pantip.com/topic/34269671/%7Burl%7D,เกาะมันนอกหรือเกาะพงัน ไปเที่ยวเกาะไหนดีครับ?,"เกาะมันนอกหรือเกาะพงัน ไปเที่ยวเกาะไหนดีครับ?
Pantip
https://pantip.com › topic
4 วันที่ผ่านมา — เกาะพะงัน เป็นเกาะใหญ่พอประมาณ หาดทางเหนือ และหาดริ้น เล่นน้ำได้ มีน้ำตก และสิ่งบันเทิงอื่นอีกมาก ช่วงวันที่แพลนไว้ อย่าเพิ่งจองที่พัก-การเดินทาง เพราะช่วง ...",4 วันที่ผ่านมา
https://pantip.com/topic/43446720,แพลนเที่ยว 3 เกาะ Backpack ไปคนเดียว (เกาะเต่า-เกาะพะงัน- ...,"แพลนเที่ยว 3 เกาะ Backpack ไปคนเดียว (เกาะเต่า-เกาะพะงัน- ...
Pantip
https://pantip.com › topic
6 พ.ค. 2568 — ไปพะงันเมื่อ มีค.ที่ผ่านมา ค่ารถ+เรือซีทราน จากท่ารถในเมืองสุราษฎร์ 350 บาท (ใช้เวลาเดินทาง ออกจากท่ารถ 9.00 น . ถึงท่าเรือเกาะพะงัน บ่ายสอง) ขากลับ เรือ+รถถึงสนามบิน 390 (ออกจากพะงัน ...",6 พ.ค. 2568
https://pantip.com/topic/34064821,เรือจากเกาะเต่าไปเกาะพงัน ราคาเท่าไรคะ,"เรือจากเกาะเต่าไปเกาะพงัน ราคาเท่าไรคะ
Pantip
https://pantip.com › topic
14 พ.ค. 2568 — เกาะพะงันค่าครองชีพตอนนี้เเพงมั้ยคะ. สมาชิกหมายเลข 2550586 · รบกวนสอบถามค่าเรือชุมพร-เกาะเต่า เกาะเต่า-เกาะนางยวน เกาะเต่า-เกาะพะงัน เกาะพะงัน ...",14 พ.ค. 2568
https://pantip.com/topic/35564174/desktop,[CR] 4วัน3คืน ภาระกิจพิชิต8เกาะอ่าวไทย,"[CR] 4วัน3คืน ภาระกิจพิชิต8เกาะอ่าวไทย
Pantip
https://pantip.com › topic › desktop
12 ส.ค. 2568 — . . การเดินทางครั้งนี้เราวีเวลา 4วัน3คืน (21-24/07/59)โดยตั้งใจว่าจะต้องไปfull moon party ซักครั้งในชีวิตที่เกาะพะงันและตั้งใจเก็บให้ได้หลายเกาะที่สุดในโซนอ่าวไทย ซึ่งโจทย์นี้ยากเอาการ กับการที่ต้อง ...",12 ส.ค. 2568
https://pantip.com/topic/43548457,,"รูปภาพ
🌊 Noraburi Resort & Spa : โนราบุรี รีสอร์ท แอนด์สปา ...
Pantip
แพลนเที่ยว 3 เกาะ Backpack ไปคนเดียว (เกาะเต่า-เกาะพะงัน ...
Pantip
แพลนเที่ยว 3 เกาะ Backpack ไปคนเดียว (เกาะเต่า-เกาะพะงัน ...
Pantip
แสดงรูปภาพเพิ่มเติม",
https://pantip.com/topic/43329551,รบกวนสอบถามสุราษฎร์ธานีไปหมู่เกาะอ่างทอง ไม่เอาเกาะสมุย ...,"รบกวนสอบถามสุราษฎร์ธานีไปหมู่เกาะอ่างทอง ไม่เอาเกาะสมุย ...
Pantip
https://pantip.com › topic
20 มี.ค. 2568 — รบกวนสอบถามสุราษฎร์ธานีไปหมู่เกาะอ่างทอง ไม่เอาเกาะสมุยและเกาะพะงัน เดินทางยังไงครับ ใครทุกคนประสบการณ์ วิธีเดินทางสะดวกเวลาด้วย สถานีรถไฟ หรือ รถบัสไหนดี ...",20 มี.ค. 2568
https://pantip.com/topic/35376739/desktop,สุราษฯกับกระบี่ที่ไหนดีกว่ากัน,"สุราษฯกับกระบี่ที่ไหนดีกว่ากัน
Pantip
https://pantip.com › topic › desktop
4 ก.พ. 2568 — หากจะย้ายไปอาศัยอยู่เกาะสมุย vs เกาะพะงัน vs เกาะเต่า ที่ไหน work ที่สุด? ตามหัวข้อกระทู้เลยครับคือผมเป็นชายตัวคนเดียววัยย่างเลขสี่ ที่ปัจจุบันยังคงทำงาน ...",4 ก.พ. 2568
https://pantip.com/topic/43629209,'ไทย' ขึ้นแท่นอันดับ 3 ประเทศม่วนจอย สนุกที่สุดในโลก,"'ไทย' ขึ้นแท่นอันดับ 3 ประเทศม่วนจอย สนุกที่สุดในโลก
Pantip
https://pantip.com › topic
17 ก.ค. 2568 — จากผลการสำรวจนี้ ประเทศไทยถือเป็นหนึ่งเดียวในทวีปเอเชียที่ติด ""ท็อป 10"" โดยมี ""ฟูลมูนปาร์ตี้"" ที่เกาะพะงัน เป็นหนึ่งในจุดเด่นที่ผู้คนนึกถึง และดึงดูดนักท่องเที่ยวโดยเฉพาะแบ็คแพ็คเกอร์ รวมถึงกลุ่ม ดิจิทัล โนแม ...",17 ก.ค. 2568
https://pantip.com/topic/13120902/desktop,ขนมเค้กเช็คอายุ,"ขนมเค้กเช็คอายุ
Pantip
https://pantip.com › topic › desktop
16 ก.ค. 2568 — เมื่อเอยถึงเกาะพะงันสิ่งแรกที่ทุกคนจะนึกถึงคงหนีไม่พ้น Full moon party และเราก็เช่นกันที่อยากรู้ อยากลอง อยากเห็น ว่ามันจะมีอะไรในค่ำคืนที่ผู้คนต่างอยากจะมาสัมผัสกับ Full moon party นี้ ปล.รีวิวนี้.",16 ก.ค. 2568
https://pantip.com/topic/43580264,ช่วยแนะนำด้วยค่ะ เที่ยวสมุย กับเด็กเล็ก และ ผู้สูงอายุ,"ช่วยแนะนำด้วยค่ะ เที่ยวสมุย กับเด็กเล็ก และ ผู้สูงอายุ
Pantip
https://pantip.com › topic
24 มิ.ย. 2568 — ... ขนขึ้นเรือลงเรือไปยังไง 6. จากเกาะสมุย หากไปเที่ยวเกาะต่างๆ ควรจะไปค้างคืนที่นั่นหรือ ไปเช้า และเย็นกลับมานอนที่สมุยคะ และแนะนำไปเที่ยวเกาะไหน ระหว่าง เกาะพะงัน เกาะเต่า เกาะนางยวน",24 มิ.ย. 2568
https://pantip.com/topic/43438638,เราทำงานสายโรงแรม...กำลังจะย้ายไปเกาะไหนดี เหตุผลคือ ...,"เราทำงานสายโรงแรม...กำลังจะย้ายไปเกาะไหนดี เหตุผลคือ ...
Pantip
https://pantip.com › topic
13 มิ.ย. 2568 — เกาะพะงัน: เงียบสงบ ค่าครองชีพต่ำ มีงานในโรงแรมเล็กๆ แต่ไม่เยอะเท่าเกาะสมุย เกาะสมุย: ค่าครองชีพสูง มีโรงแรมใหญ่ๆ โอกาสงานเยอะ แต่ชีวิตเมืองจะคึกคัก อ่าวนาง/กระบี่: ค่าครองชีพกลางๆ โอกาส ...",13 มิ.ย. 2568
https://pantip.com/topic/32015579/desktop,ขอถามหน่อย,"ขอถามหน่อย
Pantip
https://pantip.com › topic › desktop
9 ส.ค. 2568 — แพลนเที่ยว 3 เกาะ Backpack ไปคนเดียว (เกาะเต่า-เกาะพะงัน-เกาะสมุย) ไม่มีรถส่วนตัว 4 วัน 3 คืน งบ 4,000 เอาอยู่ไหมคะ. 1.วางแผนการเดินทางอย่างไรดี (เป็นไปได้ ...",9 ส.ค. 2568
https://pantip.com/topic/43214566/desktop,ราชาเฟอร์รี่ เพิ่มเทียวพิเศษรอบดึก ดอนสัก - เกาะสมุย ไป-กลับ,"ราชาเฟอร์รี่ เพิ่มเทียวพิเศษรอบดึก ดอนสัก - เกาะสมุย ไป-กลับ
Pantip
https://pantip.com › topic › desktop
21 ม.ค. 2568 — ลุยเดี่ยว เที่ยวเกาะพะงัน By ขวัญสายชิล 34. ทริปที่ 34 By ขวัญสายชิล เล่าเรื่องไม่ค่อยเก่งนัก ก็ขอให้ภาพเล่าเรื่องแทนละกันนะคะ ใครอย่าหวังจะมาอยากได้ความรู้ ...",21 ม.ค. 2568
https://pantip.com/topic/43698271,"แพลนทริป ล่องใต้ใจฟูไปกับแก๊งส์""นางฟ้าหลังคาแดง""","แพลนทริป ล่องใต้ใจฟูไปกับแก๊งส์""นางฟ้าหลังคาแดง""
Pantip
https://pantip.com › topic
3 วันที่ผ่านมา — ขอเส้นทางท่องเที่ยวภาคใต้ จากปราณบุรี จบทริปเกาะพะงัน. สมาชิกหมายเลข 7556381 · เอาแพลนเที่ยวฮาโกเนะ ดูฟูจิ มาฝากครับ. BeerJP · มีแพลนไปดูภูเขาไฟฟูจิ และเล่นสกีที่ ...",3 วันที่ผ่านมา
https://pantip.com/topic/40006475/desktop,การแบ่งสายวิ่งภาคใต้,"การแบ่งสายวิ่งภาคใต้
Pantip
https://pantip.com › topic › desktop
5 วันที่ผ่านมา — ถามคนที่อยู่เกาะช้าง เกาะล้าน เกาะสีชัง เกาะสมุย เกาะพะงัน จังหวัดชุมพร จังหวัดสุราษฎร์ธานี เพชรบุรีและประจวบฯ ช่วงที่ผ่านมาหนาวเหมือนภาคอีสาน ภาคกลาง และภาคเหนือมั้ยครับ เผอิญเห็นกระทู้นี้ https ...",5 วันที่ผ่านมา
https://pantip.com/topic/43322740,7-11 เกาะเต่า ราคาเครื่องดื่มแพงไหม,"7-11 เกาะเต่า ราคาเครื่องดื่มแพงไหม
Pantip
https://pantip.com › topic
17 มี.ค. 2568 — สมาชิกหมายเลข 5668941 · อยากทราบราคาดำน้ำเกาะเต่า+นางยวน แต่พักบนเกาะพะงันค่ะ. แมวเซาเมี๊ยวๆ.",17 มี.ค. 2568
https://pantip.com/topic/38758193/%7Burl%7D,"[CR] ""หมู่เกาะอ่างทอง""จุดชมวิวที่สวยที่สุดในอ่าวไทย","[CR] ""หมู่เกาะอ่างทอง""จุดชมวิวที่สวยที่สุดในอ่าวไทย
Pantip
https://pantip.com › topic
1 ก.พ. 2568 — อุทยานแห่งชาติหมู่เกาะอ่างทอง เป็นหมู่เกาะในอ่าวไทยท้องที่ตำบลอ่างทอง อำเภอเกาะสมุย จังหวัดสุราษฎร์ธานี อยู่ห่างจากเกาะสมุยและเกาะพะงันไปทางทิศตะวันตกประมาณ 20 กิโลเมตร ประกอบด้วยเกาะต่างๆ ...",1 ก.พ. 2568
https://pantip.com/topic/35224751/desktop,ที่ฝากรถเกาะสมุย,"ที่ฝากรถเกาะสมุย
Pantip
https://pantip.com › topic › desktop
9 ส.ค. 2568 — ที่ฝากรถเกาะสมุย ... กระทู้คำถาม. จังหวัดสุราษฎร์ธานี เกาะพะงัน เกาะสมุย เรือโดยสาร รถเช่า. แพลนว่าจะไปลงที่สนามบินสุราษแล้วเช่ารถจากสนามบินอะค่ะ แล้วจากนั้นก็นั่งเฟอรี่ไปสมุย อยากทราบว่ามีที่แถวไหน ...",9 ส.ค. 2568
https://pantip.com/topic/43446960,สมุยยังน่าเที่ยวอยู่มั้ยคะ,"สมุยยังน่าเที่ยวอยู่มั้ยคะ
Pantip
https://pantip.com › topic
6 พ.ค. 2568 — แพลนเที่ยว 3 เกาะ Backpack ไปคนเดียว (เกาะเต่า-เกาะพะงัน-เกาะสมุย) ไม่มีรถส่วนตัว 4 วัน 3 คืน งบ 4,000 เอาอยู่ไหมคะ. สมาชิกหมายเลข 6238635 · เที่ยวภูเวียง ...",6 พ.ค. 2568
https://pantip.com/topic/43274712,เพราะอะไรตัวเมืองสุราษฎร์ธานีถึงดูไม่ค่อยเจริญ,"เพราะอะไรตัวเมืองสุราษฎร์ธานีถึงดูไม่ค่อยเจริญ
Pantip
https://pantip.com › topic
22 ก.พ. 2568 — เพราะอะไรตัวเมืองสุราษฎร์ธานีถึงดูไม่ค่อยเจริญ ทั้งๆที่จังหวัดนี้ ตัวเลขเศรษฐกิจถือว่าโอเคเลย หรือเป็นเพราะแม่เหล็กความเจริญมันกระจายไปอยู่ 4 ที่นี้ 1.เกาะสมุย 2.เกาะพะงัน 3.เกาะเต่า",22 ก.พ. 2568
https://pantip.com/topic/36075234/desktop,ขอคำแนะนำเกี่ยวกับการค้าส่งอาหารทะเลครับ(หอยนางรม),"ขอคำแนะนำเกี่ยวกับการค้าส่งอาหารทะเลครับ(หอยนางรม)
Pantip
https://pantip.com › topic › desktop
9 ส.ค. 2568 — ที่นี่เกาะพะงัน. ฤกษ์งามยามดี ... เครียร์งานแล้ว หนีไปทะเลดีกว่า 5555555555 ช่วงนี้มีหอยนางรมธรรมชาติ ..... ชาวบ้านเกาะพะงันเรียกหอยเจาะ .... ตัวเล็กแต่หวาน ...",9 ส.ค. 2568
https://pantip.com/topic/43404653,จากระยองไปสมุย เดินทางอีท่าไหน ใช้เวลาเกือบ 2 วัน (ไม่รวมเที่ยว),"จากระยองไปสมุย เดินทางอีท่าไหน ใช้เวลาเกือบ 2 วัน (ไม่รวมเที่ยว)
Pantip
https://pantip.com › topic
20 เม.ย. 2568 — พากันเลือกดูที่พัก ที่เที่ยว จะไปเกาะไหนบ้างแถวนั้น ”หมู่เกาะอ่างทอง“ ก็สวย “เกาะเต่า” ก็เข้าท่า “เกาะพะงัน” ก็ขึ้นชื่อ โดยเฉพาะ “งานสังสรรค์วันพระจันทร์เต็มดวง ...",20 เม.ย. 2568
https://pantip.com/topic/40807595/desktop,ถ้าพรุ่งนี้เราต้องตาย พร้อมไหม...,"ถ้าพรุ่งนี้เราต้องตาย พร้อมไหม...
Pantip
https://pantip.com › topic › desktop
2 วันที่ผ่านมา — เกาะพะงัน จะเจอพายุ ""ปาบึก"" แรงขนาดไหนคะ. ตอนนี้ที่เกาะคนแห่ไปซื้ออาหารมาตุนจนของขาด เซเว่น แฟมิลี่ แม็คโคร โลตัส บิ๊กซี คือหมดทุกที่จริงๆ คนต่อคิวเติมน้ำมัน ...",2 วันที่ผ่านมา
https://pantip.com/topic/43555091,ซื้อตั๋วเรือ+รถ จากเกาะสมุยไปสนามบินสุราษฎร์ทางออนไลน์ ต้อง ...,"ซื้อตั๋วเรือ+รถ จากเกาะสมุยไปสนามบินสุราษฎร์ทางออนไลน์ ต้อง ...
Pantip
https://pantip.com › topic
11 มิ.ย. 2568 — บินแอร์เอเชียไฟล์ทเช้า ถึงสุราษฎร์ 8.10น. ไปขึ้นเรือเฟอร์รี่ดอนสักไปเกาะพงันเที่ยว 10.00น. ทันไหมคะ? Tabibito · สอบถามการเดินทางจากเกาะพะงันไปสนามบินสุราษฎร์?",11 มิ.ย. 2568
https://pantip.com/topic/43296225,ขนส่งอ้อมโลกทำไม,"ขนส่งอ้อมโลกทำไม
Pantip
https://pantip.com › topic
5 มี.ค. 2568 — จากหัวหินถึงเกาะพะงัน กับภารกิจตามล่า “หมาอวบระยะสุดท้าย”. สมาชิกหมายเลข 839956 · ""ชุมพร"" อ.ประทิว เมืองที่ไม่ใช่แค่ทางผ่าน. สมาชิกหมายเลข 1463995 · จะขับรถจากกทม ...",5 มี.ค. 2568
https://pantip.com/topic/38135468/%7Broom_url%7D,ที่ถ่ายรูปในตัวเมืองสุราษฎร์ธานี,"ที่ถ่ายรูปในตัวเมืองสุราษฎร์ธานี
Pantip
https://pantip.com › topic
22 ม.ค. 2568 — เพราะอะไรตัวเมืองสุราษฎร์ธานีถึงดูไม่ค่อยเจริญ ทั้งๆที่จังหวัดนี้ ตัวเลขเศรษฐกิจถือว่าโอเคเลย หรือเป็นเพราะแม่เหล็กความเจริญมันกระจายไปอยู่ 4 ที่นี้ 1.เกาะสมุย 2.เกาะพะงัน 3.เกาะเต่า 4.อุทยานแห.",22 ม.ค. 2568
